timestamp,temp,humidity,light,soil_moisture,crop_label,irrigation_ml
2025-12-01T06:00:00,24.04,61.42,50,50.0,tomato,0.0
2025-12-01T06:05:00,24.08,60.33,54,49.93,tomato,0.0
2025-12-01T06:10:00,23.86,61.01,58,49.94,tomato,0.0
2025-12-01T06:15:00,24.64,60.19,63,50.02,tomato,0.0
2025-12-01T06:20:00,23.95,59.03,68,49.94,tomato,0.0
2025-12-01T06:25:00,23.97,61.69,73,49.89,tomato,0.0
2025-12-01T06:30:00,24.03,59.43,78,49.81,tomato,0.0
2025-12-01T06:35:00,23.95,60.13,84,49.72,tomato,0.0
2025-12-01T06:40:00,24.2,60.49,89,49.73,tomato,0.0
2025-12-01T06:45:00,23.64,60.49,95,49.72,tomato,0.0
2025-12-01T06:50:00,23.86,60.59,101,49.75,tomato,0.0
2025-12-01T06:55:00,24.21,60.58,107,49.73,tomato,0.0
2025-12-01T07:00:00,24.0,58.12,114,49.71,tomato,0.0
2025-12-01T07:05:00,23.77,57.85,120,49.6,tomato,0.0
2025-12-01T07:10:00,24.01,60.08,127,49.65,tomato,0.0
2025-12-01T07:15:00,24.67,60.73,134,49.69,tomato,0.0
2025-12-01T07:20:00,24.53,59.24,141,49.72,tomato,0.0
2025-12-01T07:25:00,24.2,60.25,148,49.7,tomato,0.0
2025-12-01T07:30:00,24.04,58.85,155,49.72,tomato,0.0
2025-12-01T07:35:00,24.48,58.55,163,49.72,tomato,0.0
2025-12-01T07:40:00,24.64,59.49,170,49.7,tomato,0.0
2025-12-01T07:45:00,23.84,58.96,178,49.68,tomato,0.0
2025-12-01T07:50:00,24.15,60.12,187,49.73,tomato,0.0
2025-12-01T07:55:00,23.91,59.86,195,49.78,tomato,0.0
2025-12-01T08:00:00,24.29,58.21,203,49.86,tomato,0.0
2025-12-01T08:05:00,23.96,61.25,212,49.85,tomato,0.0
2025-12-01T08:10:00,23.38,59.11,221,49.83,tomato,0.0
2025-12-01T08:15:00,24.02,61.49,230,49.82,tomato,0.0
2025-12-01T08:20:00,23.8,57.42,239,49.74,tomato,0.0
2025-12-01T08:25:00,24.56,58.48,248,49.76,tomato,0.0
2025-12-01T08:30:00,24.03,61.03,258,49.67,tomato,0.0
2025-12-01T08:35:00,24.49,59.03,267,49.7,tomato,0.0
2025-12-01T08:40:00,23.94,58.1,277,49.68,tomato,0.0
2025-12-01T08:45:00,24.84,59.88,287,49.64,tomato,0.0
2025-12-01T08:50:00,24.35,59.46,298,49.66,tomato,0.0
2025-12-01T08:55:00,24.8,60.75,308,49.61,tomato,0.0
2025-12-01T09:00:00,24.42,59.09,319,49.6,tomato,0.0
2025-12-01T09:05:00,24.82,58.91,329,49.56,tomato,0.0
2025-12-01T09:10:00,24.19,60.62,340,49.59,tomato,0.0
2025-12-01T09:15:00,24.71,59.05,352,49.64,tomato,0.0
2025-12-01T09:20:00,24.41,58.08,363,49.63,tomato,0.0
2025-12-01T09:25:00,24.07,58.76,374,49.63,tomato,0.0
2025-12-01T09:30:00,24.49,59.76,386,49.61,tomato,0.0
2025-12-01T09:35:00,24.1,59.13,398,49.62,tomato,0.0
2025-12-01T09:40:00,24.82,58.06,410,49.67,tomato,0.0
2025-12-01T09:45:00,24.85,58.03,422,49.68,tomato,0.0
2025-12-01T09:50:00,23.9,59.88,434,49.64,tomato,0.0
2025-12-01T09:55:00,24.37,60.36,447,49.63,tomato,0.0
2025-12-01T10:00:00,24.24,58.6,460,49.58,tomato,0.0
2025-12-01T10:05:00,24.75,59.16,473,49.64,tomato,0.0
2025-12-01T10:10:00,23.96,58.1,486,49.61,tomato,0.0
2025-12-01T10:15:00,25.03,60.66,499,49.57,tomato,0.0
2025-12-01T10:20:00,23.95,57.02,512,49.55,tomato,0.0
2025-12-01T10:25:00,24.61,56.94,526,49.44,tomato,0.0
2025-12-01T10:30:00,24.35,58.37,540,49.43,tomato,0.0
2025-12-01T10:35:00,24.44,58.39,554,49.51,tomato,0.0
2025-12-01T10:40:00,24.39,58.44,568,49.44,tomato,0.0
2025-12-01T10:45:00,24.98,60.01,582,49.47,tomato,0.0
2025-12-01T10:50:00,24.48,60.01,597,49.42,tomato,0.0
2025-12-01T10:55:00,24.54,61.01,611,49.32,tomato,0.0
2025-12-01T11:00:00,24.94,60.22,626,49.25,tomato,0.0
2025-12-01T11:05:00,24.31,58.19,641,49.18,tomato,0.0
2025-12-01T11:10:00,24.64,56.38,656,49.25,tomato,0.0
2025-12-01T11:15:00,24.93,59.09,672,49.23,tomato,0.0
2025-12-01T11:20:00,24.86,59.03,687,49.14,tomato,0.0
2025-12-01T11:25:00,24.47,58.4,703,49.1,tomato,0.0
2025-12-01T11:30:00,24.91,59.21,719,49.01,tomato,0.0
2025-12-01T11:35:00,24.51,58.76,735,49.03,tomato,0.0
2025-12-01T11:40:00,24.4,59.84,751,49.02,tomato,0.0
2025-12-01T11:45:00,25.03,58.71,767,48.97,tomato,0.0
2025-12-01T11:50:00,24.19,58.96,784,48.97,tomato,0.0
2025-12-01T11:55:00,24.67,58.67,801,48.93,tomato,0.0
2025-12-01T12:00:00,24.49,57.48,818,48.92,tomato,0.0
2025-12-01T12:05:00,24.69,59.22,835,48.91,tomato,0.0
2025-12-01T12:10:00,24.4,60.06,852,48.84,tomato,0.0
2025-12-01T12:15:00,24.58,57.55,869,48.84,tomato,0.0
2025-12-01T12:20:00,24.79,58.16,887,48.9,tomato,0.0
2025-12-01T12:25:00,25.0,60.26,905,48.89,tomato,0.0
2025-12-01T12:30:00,24.97,59.08,923,48.81,tomato,0.0
2025-12-01T12:35:00,24.63,56.76,941,48.75,tomato,0.0
2025-12-01T12:40:00,24.79,57.45,959,48.74,tomato,0.0
2025-12-01T12:45:00,24.5,56.74,978,48.64,tomato,0.0
2025-12-01T12:50:00,24.58,58.65,996,48.66,tomato,0.0
2025-12-01T12:55:00,24.63,59.03,1015,48.62,tomato,0.0
2025-12-01T13:00:00,24.34,58.61,1034,48.65,tomato,0.0
2025-12-01T13:05:00,24.5,56.9,1053,48.66,tomato,0.0
2025-12-01T13:10:00,24.36,58.61,1073,48.63,tomato,0.0
2025-12-01T13:15:00,24.96,60.69,1092,48.65,tomato,0.0
2025-12-01T13:20:00,24.88,58.45,1112,48.58,tomato,0.0
2025-12-01T13:25:00,25.0,59.17,1132,48.51,tomato,0.0
2025-12-01T13:30:00,24.64,59.09,1152,48.43,tomato,0.0
2025-12-01T13:35:00,24.62,57.23,1172,48.38,tomato,0.0
2025-12-01T13:40:00,25.2,57.54,1192,48.4,tomato,0.0
2025-12-01T13:45:00,24.47,58.21,1213,48.37,tomato,0.0
2025-12-01T13:50:00,24.93,59.02,1233,48.38,tomato,0.0
2025-12-01T13:55:00,24.71,55.84,1254,48.34,tomato,0.0
2025-12-01T14:00:00,24.81,60.22,1275,48.27,tomato,0.0
2025-12-01T14:05:00,24.71,59.54,1296,48.1,tomato,0.0
2025-12-01T14:10:00,24.86,57.88,1318,48.02,tomato,0.0
2025-12-01T14:15:00,24.95,59.82,1339,47.95,tomato,0.0
2025-12-01T14:20:00,24.98,59.46,1361,47.97,tomato,0.0
2025-12-01T14:25:00,25.06,57.78,1383,48.02,tomato,0.0
2025-12-01T14:30:00,25.16,58.53,1405,47.93,tomato,0.0
2025-12-01T14:35:00,24.37,57.65,1427,47.86,tomato,0.0
2025-12-01T14:40:00,25.3,59.89,1449,47.84,tomato,0.0
2025-12-01T14:45:00,25.32,59.21,1472,47.85,tomato,0.0
2025-12-01T14:50:00,24.81,56.77,1495,47.78,tomato,0.0
2025-12-01T14:55:00,24.6,59.46,1517,47.74,tomato,0.0
2025-12-01T15:00:00,24.9,58.83,1540,47.74,tomato,0.0
2025-12-01T15:05:00,24.37,57.39,1564,47.71,tomato,0.0
2025-12-01T15:10:00,25.68,57.81,1587,47.63,tomato,0.0
2025-12-01T15:15:00,25.75,57.98,1611,47.57,tomato,0.0
2025-12-01T15:20:00,25.23,56.58,1634,47.54,tomato,0.0
2025-12-01T15:25:00,24.58,56.57,1658,47.56,tomato,0.0
2025-12-01T15:30:00,24.96,55.46,1682,47.57,tomato,0.0
2025-12-01T15:35:00,25.2,58.12,1706,47.54,tomato,0.0
2025-12-01T15:40:00,24.93,58.67,1731,47.48,tomato,0.0
2025-12-01T15:45:00,25.24,57.85,1755,47.61,tomato,0.0
2025-12-01T15:50:00,25.28,57.66,1780,47.64,tomato,0.0
2025-12-01T15:55:00,25.02,55.88,1805,47.69,tomato,0.0
2025-12-01T16:00:00,25.28,59.1,1830,47.73,tomato,0.0
2025-12-01T16:05:00,24.99,58.49,1855,47.71,tomato,0.0
2025-12-01T16:10:00,24.81,58.38,1880,47.56,tomato,0.0
2025-12-01T16:15:00,26.01,59.27,1906,47.51,tomato,0.0
2025-12-01T16:20:00,25.07,57.28,1932,47.47,tomato,0.0
2025-12-01T16:25:00,25.62,58.58,1957,47.47,tomato,0.0
2025-12-01T16:30:00,25.34,58.13,1983,47.49,tomato,0.0
2025-12-01T16:35:00,25.5,58.39,2010,47.5,tomato,0.0
2025-12-01T16:40:00,24.53,56.85,2036,47.54,tomato,0.0
2025-12-01T16:45:00,25.24,58.18,2062,47.51,tomato,0.0
2025-12-01T16:50:00,25.38,58.42,2089,47.46,tomato,0.0
2025-12-01T16:55:00,25.43,58.97,2116,47.47,tomato,0.0
2025-12-01T17:00:00,25.42,58.67,2143,47.45,tomato,0.0
2025-12-01T17:05:00,24.74,58.71,2170,47.38,tomato,0.0
2025-12-01T17:10:00,25.34,56.2,2197,47.39,tomato,0.0
2025-12-01T17:15:00,25.14,56.27,2225,47.34,tomato,0.0
2025-12-01T17:20:00,25.45,57.07,2252,47.3,tomato,0.0
2025-12-01T17:25:00,25.57,57.52,2280,47.32,tomato,0.0
2025-12-01T17:30:00,25.15,58.32,2308,47.29,tomato,0.0
2025-12-01T17:35:00,25.3,58.73,2336,47.24,tomato,0.0
2025-12-01T17:40:00,25.18,58.34,2364,47.28,tomato,0.0
2025-12-01T17:45:00,25.0,57.98,2393,47.19,tomato,0.0
2025-12-01T17:50:00,25.27,56.77,2421,47.22,tomato,0.0
2025-12-01T17:55:00,24.92,57.58,2450,47.21,tomato,0.0
2025-12-01T18:00:00,25.37,57.67,2479,47.07,tomato,0.0
2025-12-01T18:05:00,25.26,54.94,2508,47.09,tomato,0.0
2025-12-01T18:10:00,25.7,58.25,2537,47.14,tomato,0.0
2025-12-01T18:15:00,25.4,56.76,2567,47.07,tomato,0.0
2025-12-01T18:20:00,25.26,55.67,2596,47.07,tomato,0.0
2025-12-01T18:25:00,25.3,57.15,2626,47.03,tomato,0.0
2025-12-01T18:30:00,24.42,58.23,2656,47.06,tomato,0.0
2025-12-01T18:35:00,24.9,59.28,2686,47.07,tomato,0.0
2025-12-01T18:40:00,25.57,58.21,2716,47.03,tomato,0.0
2025-12-01T18:45:00,25.62,58.29,2746,47.02,tomato,0.0
2025-12-01T18:50:00,25.71,55.96,2776,46.98,tomato,0.0
2025-12-01T18:55:00,25.34,57.2,2807,46.98,tomato,0.0
2025-12-01T19:00:00,25.49,55.79,2838,47.01,tomato,0.0
2025-12-01T19:05:00,25.32,57.91,2869,47.0,tomato,0.0
2025-12-01T19:10:00,25.23,55.33,2900,46.97,tomato,0.0
2025-12-01T19:15:00,25.4,55.3,2931,47.05,tomato,0.0
2025-12-01T19:20:00,25.54,57.65,2962,47.02,tomato,0.0
2025-12-01T19:25:00,24.77,58.75,2994,47.09,tomato,0.0
2025-12-01T19:30:00,25.28,57.09,3026,47.0,tomato,0.0
2025-12-01T19:35:00,25.53,57.26,3057,46.95,tomato,0.0
2025-12-01T19:40:00,26.13,57.61,3089,46.93,tomato,0.0
2025-12-01T19:45:00,25.46,55.94,3122,46.98,tomato,0.0
2025-12-01T19:50:00,25.34,57.4,3154,46.94,tomato,0.0
2025-12-01T19:55:00,25.65,56.06,3186,46.89,tomato,0.0
2025-12-01T20:00:00,25.52,56.79,3219,46.83,tomato,0.0
2025-12-01T20:05:00,25.17,56.85,3252,46.77,tomato,0.0
2025-12-01T20:10:00,25.79,57.48,3285,46.75,tomato,0.0
2025-12-01T20:15:00,26.23,59.17,3318,46.71,tomato,0.0
2025-12-01T20:20:00,25.55,56.77,3351,46.73,tomato,0.0
2025-12-01T20:25:00,25.48,56.78,3384,46.65,tomato,0.0
2025-12-01T20:30:00,25.95,56.84,3418,46.55,tomato,0.0
2025-12-01T20:35:00,24.9,57.32,3451,46.64,tomato,0.0
2025-12-01T20:40:00,25.56,55.21,3485,46.68,tomato,0.0
2025-12-01T20:45:00,26.13,56.12,3519,46.63,tomato,0.0
2025-12-01T20:50:00,25.28,58.41,3553,46.62,tomato,0.0
2025-12-01T20:55:00,25.77,53.59,3587,46.64,tomato,0.0
2025-12-01T21:00:00,24.97,56.38,3622,46.59,tomato,0.0
2025-12-01T21:05:00,25.88,56.82,3656,46.49,tomato,0.0
2025-12-01T21:10:00,25.49,56.22,3691,46.5,tomato,0.0
2025-12-01T21:15:00,25.7,55.92,3726,46.45,tomato,0.0
2025-12-01T21:20:00,26.31,56.76,3761,46.42,tomato,0.0
2025-12-01T21:25:00,26.01,55.8,3796,46.42,tomato,0.0
2025-12-01T21:30:00,25.58,57.29,3831,46.41,tomato,0.0
2025-12-01T21:35:00,25.74,58.53,3867,46.35,tomato,0.0
2025-12-01T21:40:00,25.91,55.44,3902,46.29,tomato,0.0
2025-12-01T21:45:00,25.83,55.08,3938,46.31,tomato,0.0
2025-12-01T21:50:00,25.96,55.96,3974,46.32,tomato,0.0
2025-12-01T21:55:00,25.88,55.87,4010,46.3,tomato,0.0
2025-12-01T22:00:00,25.62,57.75,4046,46.31,tomato,0.0
2025-12-01T22:05:00,25.85,57.18,4082,46.27,tomato,0.0
2025-12-01T22:10:00,26.33,57.59,4119,46.28,tomato,0.0
2025-12-01T22:15:00,25.82,57.5,4155,46.29,tomato,0.0
2025-12-01T22:20:00,25.7,59.27,4192,46.19,tomato,0.0
2025-12-01T22:25:00,25.5,56.24,4229,46.18,tomato,0.0
2025-12-01T22:30:00,25.07,54.4,4266,46.2,tomato,0.0
2025-12-01T22:35:00,25.9,56.68,4303,46.16,tomato,0.0
2025-12-01T22:40:00,25.42,56.29,4340,46.13,tomato,0.0
2025-12-01T22:45:00,25.67,56.26,4378,46.08,tomato,0.0
2025-12-01T22:50:00,25.85,55.79,4415,46.09,tomato,0.0
2025-12-01T22:55:00,25.59,57.05,4453,46.01,tomato,0.0
2025-12-01T23:00:00,25.82,57.33,4491,45.99,tomato,0.0
2025-12-01T23:05:00,25.67,55.75,4529,45.95,tomato,0.0
2025-12-01T23:10:00,25.69,56.01,4567,46.01,tomato,0.0
2025-12-01T23:15:00,25.85,56.26,4605,45.97,tomato,0.0
2025-12-01T23:20:00,25.12,55.12,4644,45.96,tomato,0.0
2025-12-01T23:25:00,25.45,58.2,4682,45.92,tomato,0.0
2025-12-01T23:30:00,25.94,55.83,4721,45.86,tomato,0.0
2025-12-01T23:35:00,25.61,54.98,4760,45.82,tomato,0.0
2025-12-01T23:40:00,25.64,55.15,4799,45.78,tomato,0.0
2025-12-01T23:45:00,25.25,57.94,4838,45.68,tomato,0.0
2025-12-01T23:50:00,25.64,54.74,4877,45.67,tomato,0.0
2025-12-01T23:55:00,25.6,56.49,4917,45.69,tomato,0.0
2025-12-02T00:00:00,25.56,56.36,4956,45.69,tomato,0.0
2025-12-02T00:05:00,25.71,56.82,4996,45.66,tomato,0.0
2025-12-02T00:10:00,26.05,54.88,5035,45.64,tomato,0.0
2025-12-02T00:15:00,25.73,54.85,5075,45.67,tomato,0.0
2025-12-02T00:20:00,25.85,57.02,5115,45.66,tomato,0.0
2025-12-02T00:25:00,26.35,56.41,5156,45.7,tomato,0.0
2025-12-02T00:30:00,26.28,56.47,5196,45.7,tomato,0.0
2025-12-02T00:35:00,25.4,56.48,5236,45.67,tomato,0.0
2025-12-02T00:40:00,26.14,55.09,5277,45.62,tomato,0.0
2025-12-02T00:45:00,25.72,56.0,5318,45.66,tomato,0.0
2025-12-02T00:50:00,25.84,55.47,5359,45.6,tomato,0.0
2025-12-02T00:55:00,26.1,55.98,5400,45.45,tomato,0.0
2025-12-02T01:00:00,26.21,57.91,5441,45.54,tomato,0.0
2025-12-02T01:05:00,26.58,56.81,5482,45.49,tomato,0.0
2025-12-02T01:10:00,25.69,56.78,5523,45.41,tomato,0.0
2025-12-02T01:15:00,26.31,57.45,5565,45.35,tomato,0.0
2025-12-02T01:20:00,25.89,55.99,5606,45.37,tomato,0.0
2025-12-02T01:25:00,26.17,56.55,5648,45.31,tomato,0.0
2025-12-02T01:30:00,25.76,57.99,5690,45.24,tomato,0.0
2025-12-02T01:35:00,26.19,56.33,5732,45.24,tomato,0.0
2025-12-02T01:40:00,26.02,54.81,5774,45.2,tomato,0.0
2025-12-02T01:45:00,26.03,55.53,5817,45.11,tomato,0.0
2025-12-02T01:50:00,25.96,55.67,5859,45.06,tomato,0.0
2025-12-02T01:55:00,25.99,55.99,5901,45.0,tomato,0.0
2025-12-02T02:00:00,26.01,55.9,5944,45.0,tomato,0.0
2025-12-02T02:05:00,25.84,55.92,5987,45.08,tomato,0.0
2025-12-02T02:10:00,25.95,55.51,6030,44.9,tomato,0.0
2025-12-02T02:15:00,26.35,53.52,6073,44.9,tomato,0.0
2025-12-02T02:20:00,26.07,55.67,6116,44.87,tomato,0.0
2025-12-02T02:25:00,26.26,56.1,6159,44.84,tomato,0.0
2025-12-02T02:30:00,26.4,56.31,6203,44.77,tomato,0.0
2025-12-02T02:35:00,26.34,56.0,6246,44.75,tomato,0.0
2025-12-02T02:40:00,26.01,56.52,6290,44.74,tomato,0.0
2025-12-02T02:45:00,26.5,53.53,6334,44.74,tomato,0.0
2025-12-02T02:50:00,26.42,55.11,6378,44.69,tomato,0.0
2025-12-02T02:55:00,25.87,55.44,6422,44.58,tomato,0.0
2025-12-02T03:00:00,26.17,55.98,6466,44.49,tomato,0.0
2025-12-02T03:05:00,26.78,54.68,6510,44.45,tomato,0.0
2025-12-02T03:10:00,26.16,56.56,6555,44.43,tomato,0.0
2025-12-02T03:15:00,26.03,56.48,6599,44.44,tomato,0.0
2025-12-02T03:20:00,25.91,57.14,6644,44.41,tomato,0.0
2025-12-02T03:25:00,26.21,54.92,6689,44.35,tomato,0.0
2025-12-02T03:30:00,26.28,57.41,6733,44.33,tomato,0.0
2025-12-02T03:35:00,26.52,54.85,6778,44.34,tomato,0.0
2025-12-02T03:40:00,26.14,54.48,6824,44.3,tomato,0.0
2025-12-02T03:45:00,26.91,54.8,6869,44.3,tomato,0.0
2025-12-02T03:50:00,26.6,55.74,6914,44.32,tomato,0.0
2025-12-02T03:55:00,26.11,54.34,6960,44.31,tomato,0.0
2025-12-02T04:00:00,26.13,56.06,7005,44.22,tomato,0.0
2025-12-02T04:05:00,26.1,54.23,7051,44.18,tomato,0.0
2025-12-02T04:10:00,26.3,54.66,7097,44.15,tomato,0.0
2025-12-02T04:15:00,26.7,56.38,7143,44.16,tomato,0.0
2025-12-02T04:20:00,26.51,56.14,7189,44.15,tomato,0.0
2025-12-02T04:25:00,26.16,55.33,7235,44.05,tomato,0.0
2025-12-02T04:30:00,26.04,55.06,7281,44.02,tomato,0.0
2025-12-02T04:35:00,26.34,55.93,7328,44.04,tomato,0.0
2025-12-02T04:40:00,25.42,55.36,7374,44.04,tomato,0.0
2025-12-02T04:45:00,25.87,53.93,7421,44.04,tomato,0.0
2025-12-02T04:50:00,26.25,56.88,7468,44.07,tomato,0.0
2025-12-02T04:55:00,25.94,54.6,7514,44.2,tomato,0.0
2025-12-02T05:00:00,26.43,56.44,7561,44.21,tomato,0.0
2025-12-02T05:05:00,25.88,54.21,7609,44.17,tomato,0.0
2025-12-02T05:10:00,26.16,54.76,7656,44.08,tomato,0.0
2025-12-02T05:15:00,26.27,55.52,7703,43.95,tomato,0.0
2025-12-02T05:20:00,26.48,55.73,7750,44.0,tomato,0.0
2025-12-02T05:25:00,26.38,55.06,7798,43.99,tomato,0.0
2025-12-02T05:30:00,26.73,54.05,7846,44.09,tomato,0.0
2025-12-02T05:35:00,26.14,52.66,7893,44.07,tomato,0.0
2025-12-02T05:40:00,25.96,55.34,7941,43.97,tomato,0.0
2025-12-02T05:45:00,26.18,55.99,7989,43.95,tomato,0.0
2025-12-02T05:50:00,26.4,57.45,8037,43.94,tomato,0.0
2025-12-02T05:55:00,26.81,54.69,8085,43.84,tomato,0.0
2025-12-02T06:00:00,26.57,55.59,8134,43.84,tomato,0.0
2025-12-02T06:05:00,25.96,56.1,8182,43.8,tomato,0.0
2025-12-02T06:10:00,26.87,55.16,8231,43.82,tomato,0.0
2025-12-02T06:15:00,26.6,55.58,8279,43.9,tomato,0.0
2025-12-02T06:20:00,26.66,54.72,8328,43.94,tomato,0.0
2025-12-02T06:25:00,26.51,55.67,8377,43.88,tomato,0.0
2025-12-02T06:30:00,26.05,55.98,8426,43.82,tomato,0.0
2025-12-02T06:35:00,26.75,54.83,8475,43.72,tomato,0.0
2025-12-02T06:40:00,26.07,54.96,8524,43.67,tomato,0.0
2025-12-02T06:45:00,26.39,52.79,8573,43.66,tomato,0.0
2025-12-02T06:50:00,26.13,55.11,8623,43.6,tomato,0.0
2025-12-02T06:55:00,26.51,56.59,8672,43.6,tomato,0.0
2025-12-02T07:00:00,26.19,54.51,8722,43.55,tomato,0.0
2025-12-02T07:05:00,26.35,54.91,8771,43.52,tomato,0.0
2025-12-02T07:10:00,26.62,54.88,8821,43.45,tomato,0.0
2025-12-02T07:15:00,26.23,54.17,8871,43.39,tomato,0.0
2025-12-02T07:20:00,26.61,54.27,8921,43.4,tomato,0.0
2025-12-02T07:25:00,26.3,55.18,8971,43.44,tomato,0.0
2025-12-02T07:30:00,26.0,55.13,9021,43.48,tomato,0.0
2025-12-02T07:35:00,26.61,55.44,9071,43.41,tomato,0.0
2025-12-02T07:40:00,26.42,55.09,9122,43.3,tomato,0.0
2025-12-02T07:45:00,26.0,55.9,9172,43.32,tomato,0.0
2025-12-02T07:50:00,26.46,54.32,9223,43.36,tomato,0.0
2025-12-02T07:55:00,26.43,55.36,9273,43.38,tomato,0.0
2025-12-02T08:00:00,26.49,55.65,9324,43.43,tomato,0.0
2025-12-02T08:05:00,25.99,56.0,9375,43.42,tomato,0.0
2025-12-02T08:10:00,26.1,54.86,9426,43.43,tomato,0.0
2025-12-02T08:15:00,26.64,57.02,9477,43.46,tomato,0.0
2025-12-02T08:20:00,26.54,55.89,9528,43.35,tomato,0.0
2025-12-02T08:25:00,26.11,55.13,9579,43.3,tomato,0.0
2025-12-02T08:30:00,26.35,55.29,9630,43.31,tomato,0.0
2025-12-02T08:35:00,26.35,55.18,9682,43.29,tomato,0.0
2025-12-02T08:40:00,26.84,54.96,9733,43.34,tomato,0.0
2025-12-02T08:45:00,26.37,54.43,9785,43.29,tomato,0.0
2025-12-02T08:50:00,25.73,54.31,9837,43.24,tomato,0.0
2025-12-02T08:55:00,26.79,55.99,9888,43.23,tomato,0.0
2025-12-02T09:00:00,26.81,56.02,9940,43.11,tomato,0.0
2025-12-02T09:05:00,26.33,54.8,9992,43.12,tomato,0.0
2025-12-02T09:10:00,26.38,53.34,10044,43.11,tomato,0.0
2025-12-02T09:15:00,26.82,56.35,10096,43.17,tomato,0.0
2025-12-02T09:20:00,26.17,55.23,10149,43.15,tomato,0.0
2025-12-02T09:25:00,26.8,56.09,10201,43.12,tomato,0.0
2025-12-02T09:30:00,26.99,54.67,10253,43.11,tomato,0.0
2025-12-02T09:35:00,27.18,55.67,10306,43.04,tomato,0.0
2025-12-02T09:40:00,26.69,54.48,10358,43.09,tomato,0.0
2025-12-02T09:45:00,26.45,55.05,10411,43.02,tomato,0.0
2025-12-02T09:50:00,26.65,53.64,10464,43.01,tomato,0.0
2025-12-02T09:55:00,26.34,54.82,10517,42.9,tomato,0.0
2025-12-02T10:00:00,26.92,54.85,10569,42.86,tomato,0.0
2025-12-02T10:05:00,26.75,54.36,10623,42.84,tomato,0.0
2025-12-02T10:10:00,26.59,55.22,10676,42.79,tomato,0.0
2025-12-02T10:15:00,26.6,54.44,10729,42.7,tomato,0.0
2025-12-02T10:20:00,26.54,54.67,10782,42.65,tomato,0.0
2025-12-02T10:25:00,27.06,55.73,10835,42.64,tomato,0.0
2025-12-02T10:30:00,26.2,55.01,10889,42.58,tomato,0.0
2025-12-02T10:35:00,26.19,54.26,10942,42.55,tomato,0.0
2025-12-02T10:40:00,26.75,55.79,10996,42.52,tomato,0.0
2025-12-02T10:45:00,26.48,52.82,11050,42.39,tomato,0.0
2025-12-02T10:50:00,27.13,55.61,11103,42.33,tomato,0.0
2025-12-02T10:55:00,26.95,55.0,11157,42.35,tomato,0.0
2025-12-02T11:00:00,26.44,52.99,11211,42.29,tomato,0.0
2025-12-02T11:05:00,26.58,54.75,11265,42.23,tomato,0.0
2025-12-02T11:10:00,26.89,54.73,11319,42.19,tomato,0.0
2025-12-02T11:15:00,26.5,55.94,11373,42.18,tomato,0.0
2025-12-02T11:20:00,26.73,55.03,11427,42.16,tomato,0.0
2025-12-02T11:25:00,26.37,55.41,11482,42.08,tomato,0.0
2025-12-02T11:30:00,26.61,55.5,11536,42.18,tomato,0.0
2025-12-02T11:35:00,26.65,55.76,11591,42.15,tomato,0.0
2025-12-02T11:40:00,26.46,54.35,11645,42.14,tomato,0.0
2025-12-02T11:45:00,26.82,54.93,11700,42.09,tomato,0.0
2025-12-02T11:50:00,26.58,54.07,11754,42.04,tomato,0.0
2025-12-02T11:55:00,26.52,53.8,11809,42.02,tomato,0.0
2025-12-02T12:00:00,26.64,54.24,11864,42.05,tomato,0.0
2025-12-02T12:05:00,26.71,53.74,11919,42.0,tomato,0.0
2025-12-02T12:10:00,26.31,54.83,11974,41.92,tomato,0.0
2025-12-02T12:15:00,26.88,54.25,12029,41.91,tomato,0.0
2025-12-02T12:20:00,26.72,55.88,12084,41.88,tomato,0.0
2025-12-02T12:25:00,26.57,54.57,12139,41.82,tomato,0.0
2025-12-02T12:30:00,27.18,53.55,12195,41.85,tomato,0.0
2025-12-02T12:35:00,26.53,54.96,12250,41.85,tomato,0.0
2025-12-02T12:40:00,26.84,53.7,12305,41.85,tomato,0.0
2025-12-02T12:45:00,27.15,53.49,12361,41.82,tomato,0.0
2025-12-02T12:50:00,26.64,55.44,12416,41.76,tomato,0.0
2025-12-02T12:55:00,26.52,55.14,12472,41.7,tomato,0.0
2025-12-02T13:00:00,26.97,53.28,12528,41.71,tomato,0.0
2025-12-02T13:05:00,26.2,54.28,12583,41.73,tomato,0.0
2025-12-02T13:10:00,26.99,55.63,12639,41.7,tomato,0.0
2025-12-02T13:15:00,26.64,52.93,12695,41.61,tomato,0.0
2025-12-02T13:20:00,26.25,56.46,12751,41.6,tomato,0.0
2025-12-02T13:25:00,26.8,54.3,12807,41.51,tomato,0.0
2025-12-02T13:30:00,26.68,55.21,12863,41.41,tomato,0.0
2025-12-02T13:35:00,27.12,53.07,12919,41.41,tomato,0.0
2025-12-02T13:40:00,26.6,54.04,12975,41.4,tomato,0.0
2025-12-02T13:45:00,26.93,54.42,13032,41.36,tomato,0.0
2025-12-02T13:50:00,27.36,55.32,13088,41.37,tomato,0.0
2025-12-02T13:55:00,27.29,54.06,13144,41.4,tomato,0.0
2025-12-02T14:00:00,26.2,52.77,13201,41.44,tomato,0.0
2025-12-02T14:05:00,26.9,54.99,13257,41.45,tomato,0.0
2025-12-02T14:10:00,26.81,52.64,13314,41.43,tomato,0.0
2025-12-02T14:15:00,27.15,54.72,13371,41.45,tomato,0.0
2025-12-02T14:20:00,27.27,56.82,13427,41.44,tomato,0.0
2025-12-02T14:25:00,26.52,54.6,13484,41.34,tomato,0.0
2025-12-02T14:30:00,26.5,54.24,13541,41.35,tomato,0.0
2025-12-02T14:35:00,27.3,53.47,13598,41.17,tomato,0.0
2025-12-02T14:40:00,26.5,54.8,13655,41.2,tomato,0.0
2025-12-02T14:45:00,27.5,53.11,13712,41.21,tomato,0.0
2025-12-02T14:50:00,26.88,56.25,13769,41.12,tomato,0.0
2025-12-02T14:55:00,26.89,56.24,13826,41.17,tomato,0.0
2025-12-02T15:00:00,26.97,54.18,13883,41.15,tomato,0.0
2025-12-02T15:05:00,26.85,54.55,13940,41.09,tomato,0.0
2025-12-02T15:10:00,26.53,55.08,13997,41.06,tomato,0.0
2025-12-02T15:15:00,27.14,55.62,14055,41.0,tomato,0.0
2025-12-02T15:20:00,27.09,55.33,14112,41.06,tomato,0.0
2025-12-02T15:25:00,26.92,54.17,14169,40.93,tomato,0.0
2025-12-02T15:30:00,26.48,54.47,14227,40.95,tomato,0.0
2025-12-02T15:35:00,26.99,52.92,14284,40.87,tomato,0.0
2025-12-02T15:40:00,27.26,53.91,14342,40.85,tomato,0.0
2025-12-02T15:45:00,27.05,55.24,14400,40.77,tomato,0.0
2025-12-02T15:50:00,26.9,53.62,14457,40.81,tomato,0.0
2025-12-02T15:55:00,27.52,54.25,14515,40.79,tomato,0.0
2025-12-02T16:00:00,26.6,54.94,14573,40.8,tomato,0.0
2025-12-02T16:05:00,27.08,55.75,14631,40.76,tomato,0.0
2025-12-02T16:10:00,27.19,56.01,14689,40.76,tomato,0.0
2025-12-02T16:15:00,27.0,53.89,14747,40.78,tomato,0.0
2025-12-02T16:20:00,26.98,53.63,14805,40.73,tomato,0.0
2025-12-02T16:25:00,26.98,55.53,14863,40.66,tomato,0.0
2025-12-02T16:30:00,26.65,54.45,14921,40.59,tomato,0.0
2025-12-02T16:35:00,27.16,57.0,14979,40.58,tomato,0.0
2025-12-02T16:40:00,26.68,53.13,15037,40.47,tomato,0.0
2025-12-02T16:45:00,27.19,54.08,15095,40.39,tomato,0.0
2025-12-02T16:50:00,26.78,52.98,15153,40.32,tomato,0.0
2025-12-02T16:55:00,27.41,52.97,15212,40.3,tomato,0.0
2025-12-02T17:00:00,26.83,53.77,15270,40.3,tomato,0.0
2025-12-02T17:05:00,26.72,55.61,15328,40.25,tomato,0.0
2025-12-02T17:10:00,26.96,55.18,15387,40.23,tomato,0.0
2025-12-02T17:15:00,27.67,53.69,15445,40.3,tomato,0.0
2025-12-02T17:20:00,26.37,53.64,15504,40.29,tomato,0.0
2025-12-02T17:25:00,26.8,55.88,15562,40.22,tomato,0.0
2025-12-02T17:30:00,26.71,55.36,15621,40.18,tomato,0.0
2025-12-02T17:35:00,27.08,55.72,15679,40.23,tomato,0.0
2025-12-02T17:40:00,26.75,56.8,15738,40.17,tomato,0.0
2025-12-02T17:45:00,26.87,53.64,15797,40.12,tomato,0.0
2025-12-02T17:50:00,26.96,54.52,15856,40.08,tomato,0.0
2025-12-02T17:55:00,27.32,53.81,15914,40.06,tomato,0.0
2025-12-02T18:00:00,27.22,55.71,15973,39.96,tomato,0.0
2025-12-02T18:05:00,26.4,55.2,16032,39.96,tomato,0.0
2025-12-02T18:10:00,26.59,55.11,16091,39.95,tomato,0.0
2025-12-02T18:15:00,26.5,54.22,16150,39.91,tomato,0.0
2025-12-02T18:20:00,27.18,54.89,16209,39.87,tomato,0.0
2025-12-02T18:25:00,26.93,53.51,16268,39.8,tomato,0.0
2025-12-02T18:30:00,26.35,54.23,16327,39.76,tomato,0.0
2025-12-02T18:35:00,26.93,54.79,16386,39.71,tomato,0.0
2025-12-02T18:40:00,27.48,53.81,16445,39.68,tomato,0.0
2025-12-02T18:45:00,26.51,52.58,16504,39.65,tomato,0.0
2025-12-02T18:50:00,26.92,55.05,16563,39.56,tomato,0.0
2025-12-02T18:55:00,26.85,55.54,16622,39.53,tomato,0.0
2025-12-02T19:00:00,26.6,54.24,16682,39.59,tomato,0.0
2025-12-02T19:05:00,26.47,54.01,16741,39.53,tomato,0.0
2025-12-02T19:10:00,26.34,54.43,16800,39.54,tomato,0.0
2025-12-02T19:15:00,26.51,53.42,16859,39.53,tomato,0.0
2025-12-02T19:20:00,26.27,54.68,16919,39.49,tomato,0.0
2025-12-02T19:25:00,26.89,55.49,16978,39.46,tomato,0.0
2025-12-02T19:30:00,26.81,52.92,17037,39.35,tomato,0.0
2025-12-02T19:35:00,27.05,55.7,17097,39.32,tomato,0.0
2025-12-02T19:40:00,27.01,52.93,17156,39.28,tomato,0.0
2025-12-02T19:45:00,26.67,54.85,17216,39.29,tomato,0.0
2025-12-02T19:50:00,26.96,53.41,17275,39.21,tomato,0.0
2025-12-02T19:55:00,27.12,53.69,17335,39.13,tomato,0.0
2025-12-02T20:00:00,26.66,54.36,17394,39.13,tomato,0.0
2025-12-02T20:05:00,27.2,53.82,17454,39.05,tomato,0.0
2025-12-02T20:10:00,26.74,52.74,17513,39.01,tomato,0.0
2025-12-02T20:15:00,26.96,53.69,17573,39.03,tomato,0.0
2025-12-02T20:20:00,26.67,54.33,17633,39.02,tomato,0.0
2025-12-02T20:25:00,27.04,52.98,17692,38.92,tomato,0.0
2025-12-02T20:30:00,27.12,55.37,17752,38.89,tomato,0.0
2025-12-02T20:35:00,26.83,53.34,17812,38.95,tomato,0.0
2025-12-02T20:40:00,27.36,54.83,17871,38.95,tomato,0.0
2025-12-02T20:45:00,26.89,54.76,17931,38.92,tomato,0.0
2025-12-02T20:50:00,27.72,54.07,17991,38.88,tomato,0.0
2025-12-02T20:55:00,26.98,52.96,18051,38.85,tomato,0.0
2025-12-02T21:00:00,27.02,54.68,18110,38.96,tomato,0.0
2025-12-02T21:05:00,27.53,54.71,18170,38.89,tomato,0.0
2025-12-02T21:10:00,27.13,55.73,18230,38.93,tomato,0.0
2025-12-02T21:15:00,26.66,55.04,18290,38.93,tomato,0.0
2025-12-02T21:20:00,27.31,55.2,18350,38.97,tomato,0.0
2025-12-02T21:25:00,27.1,53.33,18410,39.0,tomato,0.0
2025-12-02T21:30:00,27.04,54.16,18469,38.92,tomato,0.0
2025-12-02T21:35:00,26.88,54.96,18529,39.04,tomato,0.0
2025-12-02T21:40:00,26.78,53.63,18589,39.06,tomato,0.0
2025-12-02T21:45:00,27.08,52.89,18649,38.96,tomato,0.0
2025-12-02T21:50:00,26.43,52.65,18709,38.92,tomato,0.0
2025-12-02T21:55:00,27.13,54.46,18769,38.84,tomato,0.0
2025-12-02T22:00:00,26.94,54.03,18829,38.79,tomato,0.0
2025-12-02T22:05:00,26.71,54.25,18889,38.89,tomato,0.0
2025-12-02T22:10:00,26.93,54.98,18949,38.86,tomato,0.0
2025-12-02T22:15:00,26.42,53.25,19009,38.9,tomato,0.0
2025-12-02T22:20:00,27.28,53.83,19069,38.86,tomato,0.0
2025-12-02T22:25:00,27.1,54.43,19129,38.8,tomato,0.0
2025-12-02T22:30:00,27.11,54.66,19189,38.72,tomato,0.0
2025-12-02T22:35:00,26.93,55.08,19249,38.72,tomato,0.0
2025-12-02T22:40:00,26.71,53.38,19309,38.64,tomato,0.0
2025-12-02T22:45:00,27.12,52.33,19369,38.57,tomato,0.0
2025-12-02T22:50:00,27.29,52.98,19429,38.5,tomato,0.0
2025-12-02T22:55:00,27.27,54.51,19489,38.49,tomato,0.0
2025-12-02T23:00:00,27.05,52.18,19549,38.48,tomato,0.0
2025-12-02T23:05:00,27.28,53.83,19609,38.42,tomato,0.0
2025-12-02T23:10:00,27.35,54.45,19669,38.42,tomato,0.0
2025-12-02T23:15:00,27.5,54.82,19729,38.32,tomato,0.0
2025-12-02T23:20:00,27.14,54.01,19789,38.25,tomato,0.0
2025-12-02T23:25:00,26.83,54.06,19849,38.17,tomato,0.0
2025-12-02T23:30:00,26.84,54.7,19909,38.19,tomato,0.0
2025-12-02T23:35:00,27.53,54.47,19969,38.22,tomato,0.0
2025-12-02T23:40:00,26.88,53.24,20000,38.22,tomato,0.0
2025-12-02T23:45:00,26.87,52.8,20000,38.17,tomato,0.0
2025-12-02T23:50:00,26.91,54.16,20000,38.22,tomato,0.0
2025-12-02T23:55:00,26.71,54.58,20000,38.17,tomato,0.0
2025-12-03T00:00:00,26.57,55.04,20000,38.12,tomato,0.0
2025-12-03T00:05:00,26.86,52.44,20000,38.11,tomato,0.0
2025-12-03T00:10:00,27.11,53.69,20000,38.06,tomato,0.0
2025-12-03T00:15:00,26.94,53.08,20000,37.99,tomato,0.0
2025-12-03T00:20:00,27.18,55.16,20000,37.98,tomato,0.0
2025-12-03T00:25:00,27.36,55.44,20000,37.98,tomato,0.0
2025-12-03T00:30:00,26.91,52.44,20000,38.04,tomato,0.0
2025-12-03T00:35:00,26.88,54.2,20000,37.96,tomato,0.0
2025-12-03T00:40:00,27.53,55.16,20000,37.87,tomato,0.0
2025-12-03T00:45:00,27.29,54.34,20000,37.78,tomato,0.0
2025-12-03T00:50:00,27.11,53.82,20000,37.75,tomato,0.0
2025-12-03T00:55:00,27.04,54.35,20000,37.74,tomato,0.0
2025-12-03T01:00:00,26.43,52.38,20000,37.75,tomato,0.0
2025-12-03T01:05:00,26.82,53.23,20000,37.8,tomato,0.0
2025-12-03T01:10:00,27.42,52.06,20000,37.85,tomato,0.0
2025-12-03T01:15:00,26.56,52.74,20000,37.8,tomato,0.0
2025-12-03T01:20:00,27.24,55.3,20000,37.74,tomato,0.0
2025-12-03T01:25:00,27.41,54.1,20000,37.76,tomato,0.0
2025-12-03T01:30:00,26.78,55.76,20000,37.67,tomato,0.0
2025-12-03T01:35:00,26.72,53.18,20000,37.69,tomato,0.0
2025-12-03T01:40:00,27.32,54.76,20000,37.68,tomato,0.0
2025-12-03T01:45:00,26.99,53.39,20000,37.71,tomato,0.0
2025-12-03T01:50:00,27.15,53.31,20000,37.68,tomato,0.0
2025-12-03T01:55:00,26.66,54.38,20000,37.64,tomato,0.0
2025-12-03T02:00:00,27.25,54.93,20000,37.6,tomato,0.0
2025-12-03T02:05:00,27.03,53.96,20000,37.61,tomato,0.0
2025-12-03T02:10:00,26.45,54.67,20000,37.61,tomato,0.0
2025-12-03T02:15:00,26.67,53.85,20000,37.56,tomato,0.0
2025-12-03T02:20:00,27.04,53.17,20000,37.56,tomato,0.0
2025-12-03T02:25:00,26.76,52.56,20000,37.47,tomato,0.0
2025-12-03T02:30:00,26.97,55.3,20000,37.48,tomato,0.0
2025-12-03T02:35:00,27.6,54.65,20000,37.4,tomato,0.0
2025-12-03T02:40:00,26.81,53.66,20000,37.34,tomato,0.0
2025-12-03T02:45:00,26.73,53.04,20000,37.43,tomato,0.0
2025-12-03T02:50:00,27.03,53.66,20000,37.4,tomato,0.0
2025-12-03T02:55:00,27.18,52.48,20000,37.4,tomato,0.0
2025-12-03T03:00:00,27.4,53.57,20000,37.26,tomato,0.0
2025-12-03T03:05:00,27.06,54.02,20000,37.28,tomato,0.0
2025-12-03T03:10:00,27.24,54.54,20000,37.36,tomato,0.0
2025-12-03T03:15:00,27.44,56.0,20000,37.25,tomato,0.0
2025-12-03T03:20:00,27.49,54.08,20000,37.18,tomato,0.0
2025-12-03T03:25:00,26.24,53.29,20000,37.21,tomato,0.0
2025-12-03T03:30:00,27.01,54.6,20000,37.14,tomato,0.0
2025-12-03T03:35:00,26.94,53.24,20000,37.14,tomato,0.0
2025-12-03T03:40:00,26.89,54.28,20000,37.12,tomato,0.0
2025-12-03T03:45:00,27.16,54.43,20000,37.09,tomato,0.0
2025-12-03T03:50:00,26.65,54.81,20000,37.01,tomato,0.0
2025-12-03T03:55:00,27.11,53.23,20000,36.94,tomato,0.0
2025-12-03T04:00:00,26.51,53.61,20000,36.9,tomato,0.0
2025-12-03T04:05:00,27.15,53.67,20000,36.93,tomato,0.0
2025-12-03T04:10:00,26.88,54.75,20000,36.86,tomato,0.0
2025-12-03T04:15:00,27.31,52.17,20000,36.88,tomato,0.0
2025-12-03T04:20:00,26.87,54.32,20000,36.88,tomato,0.0
2025-12-03T04:25:00,26.95,54.78,20000,36.79,tomato,0.0
2025-12-03T04:30:00,27.33,54.36,20000,36.74,tomato,0.0
2025-12-03T04:35:00,26.76,53.55,20000,36.66,tomato,0.0
2025-12-03T04:40:00,27.41,53.92,20000,36.69,tomato,0.0
2025-12-03T04:45:00,27.1,52.9,20000,36.67,tomato,0.0
2025-12-03T04:50:00,27.21,52.16,20000,36.66,tomato,0.0
2025-12-03T04:55:00,26.89,54.62,20000,36.71,tomato,0.0
2025-12-03T05:00:00,26.6,52.01,20000,36.62,tomato,0.0
2025-12-03T05:05:00,27.13,54.36,20000,36.61,tomato,0.0
2025-12-03T05:10:00,27.33,56.17,20000,36.55,tomato,0.0
2025-12-03T05:15:00,26.9,53.71,20000,36.55,tomato,0.0
2025-12-03T05:20:00,26.71,54.23,20000,36.52,tomato,0.0
2025-12-03T05:25:00,27.33,53.11,20000,36.51,tomato,0.0
2025-12-03T05:30:00,27.1,52.55,20000,36.56,tomato,0.0
2025-12-03T05:35:00,26.54,53.93,20000,36.48,tomato,0.0
2025-12-03T05:40:00,26.83,54.01,20000,36.49,tomato,0.0
2025-12-03T05:45:00,27.2,54.38,20000,36.49,tomato,0.0
2025-12-03T05:50:00,27.28,56.72,20000,36.37,tomato,0.0
2025-12-03T05:55:00,27.18,53.63,20000,36.35,tomato,0.0
2025-12-03T06:00:00,26.8,53.31,20000,36.35,tomato,0.0
2025-12-03T06:05:00,27.19,54.12,20000,36.39,tomato,0.0
2025-12-03T06:10:00,27.04,53.99,20000,36.37,tomato,0.0
2025-12-03T06:15:00,26.7,53.25,20000,36.36,tomato,0.0
2025-12-03T06:20:00,27.26,54.36,20000,36.29,tomato,0.0
2025-12-03T06:25:00,27.1,54.34,20000,36.16,tomato,0.0
2025-12-03T06:30:00,26.82,54.89,20000,36.14,tomato,0.0
2025-12-03T06:35:00,26.55,54.7,20000,36.11,tomato,0.0
2025-12-03T06:40:00,27.0,55.97,20000,36.05,tomato,0.0
2025-12-03T06:45:00,26.6,54.88,20000,35.95,tomato,0.0
2025-12-03T06:50:00,27.01,54.16,20000,35.94,tomato,0.0
2025-12-03T06:55:00,26.69,54.32,20000,35.91,tomato,0.0
2025-12-03T07:00:00,27.11,53.86,20000,35.93,tomato,0.0
2025-12-03T07:05:00,27.51,54.35,20000,35.88,tomato,0.0
2025-12-03T07:10:00,26.82,53.94,20000,35.83,tomato,0.0
2025-12-03T07:15:00,26.85,54.87,20000,35.84,tomato,0.0
2025-12-03T07:20:00,26.86,54.93,20000,35.79,tomato,0.0
2025-12-03T07:25:00,26.84,55.54,20000,35.82,tomato,0.0
2025-12-03T07:30:00,27.26,54.29,20000,35.72,tomato,0.0
2025-12-03T07:35:00,26.49,53.03,20000,35.69,tomato,0.0
2025-12-03T07:40:00,26.96,55.43,20000,35.71,tomato,0.0
2025-12-03T07:45:00,26.77,56.1,20000,35.67,tomato,0.0
2025-12-03T07:50:00,26.75,54.5,20000,35.61,tomato,0.0
2025-12-03T07:55:00,26.31,53.01,20000,35.66,tomato,0.0
2025-12-03T08:00:00,26.82,52.75,20000,35.6,tomato,0.0
2025-12-03T08:05:00,26.98,55.9,20000,35.5,tomato,0.0
2025-12-03T08:10:00,26.65,55.11,20000,35.56,tomato,0.0
2025-12-03T08:15:00,26.62,54.34,20000,35.49,tomato,0.0
2025-12-03T08:20:00,27.0,55.78,20000,35.41,tomato,0.0
2025-12-03T08:25:00,26.46,55.07,20000,35.38,tomato,0.0
2025-12-03T08:30:00,26.29,55.68,20000,35.4,tomato,0.0
2025-12-03T08:35:00,26.45,53.76,20000,35.35,tomato,0.0
2025-12-03T08:40:00,26.49,53.32,20000,35.35,tomato,0.0
2025-12-03T08:45:00,26.64,54.32,20000,35.28,tomato,0.0
2025-12-03T08:50:00,27.19,54.66,20000,35.21,tomato,0.0
2025-12-03T08:55:00,26.92,54.47,20000,35.08,tomato,0.0
2025-12-03T09:00:00,26.64,54.59,20000,34.99,tomato,0.0
2025-12-03T09:05:00,26.67,53.96,20000,34.98,tomato,0.0
2025-12-03T09:10:00,26.7,53.42,20000,49.39,tomato,173.0
2025-12-03T09:15:00,26.97,53.38,20000,34.9,tomato,0.0
2025-12-03T09:20:00,26.96,54.56,20000,34.84,tomato,0.0
2025-12-03T09:25:00,26.82,53.38,20000,34.78,tomato,0.0
2025-12-03T09:30:00,26.54,55.28,20000,34.77,tomato,0.0
2025-12-03T09:35:00,26.48,57.72,20000,45.59,tomato,130.0
2025-12-03T09:40:00,26.44,58.01,20000,34.72,tomato,0.0
2025-12-03T09:45:00,26.51,53.64,20000,34.62,tomato,0.0
2025-12-03T09:50:00,26.13,54.71,20000,34.49,tomato,0.0
2025-12-03T09:55:00,26.92,53.49,20000,34.56,tomato,0.0
2025-12-03T10:00:00,26.75,54.98,20000,34.46,tomato,0.0
2025-12-03T10:05:00,27.13,52.91,20000,34.37,tomato,0.0
2025-12-03T10:10:00,25.88,54.18,20000,34.35,tomato,0.0
2025-12-03T10:15:00,25.89,55.22,20000,34.28,tomato,0.0
2025-12-03T10:20:00,26.72,55.6,20000,34.21,tomato,0.0
2025-12-03T10:25:00,26.73,55.1,20000,34.11,tomato,0.0
2025-12-03T10:30:00,27.1,54.85,20000,34.07,tomato,0.0
2025-12-03T10:35:00,26.56,54.15,20000,34.03,tomato,0.0
2025-12-03T10:40:00,26.97,54.89,20000,33.93,tomato,0.0
2025-12-03T10:45:00,26.2,54.78,20000,33.89,tomato,0.0
2025-12-03T10:50:00,25.84,55.65,20000,33.91,tomato,0.0
2025-12-03T10:55:00,26.95,53.1,20000,33.9,tomato,0.0
2025-12-03T11:00:00,26.79,54.61,20000,33.95,tomato,0.0
2025-12-03T11:05:00,26.92,55.43,20000,47.75,tomato,166.0
2025-12-03T11:10:00,26.28,54.28,20000,33.94,tomato,0.0
2025-12-03T11:15:00,26.76,55.03,20000,33.84,tomato,0.0
2025-12-03T11:20:00,26.54,54.1,20000,33.8,tomato,0.0
2025-12-03T11:25:00,26.75,54.97,20000,51.02,tomato,206.0
2025-12-03T11:30:00,26.7,54.12,20000,33.76,tomato,0.0
2025-12-03T11:35:00,26.54,54.72,20000,33.71,tomato,0.0
2025-12-03T11:40:00,26.99,54.17,20000,33.69,tomato,0.0
2025-12-03T11:45:00,27.13,53.86,20000,33.71,tomato,0.0
2025-12-03T11:50:00,26.1,55.56,20000,33.64,tomato,0.0
2025-12-03T11:55:00,26.89,54.92,20000,33.61,tomato,0.0
2025-12-03T12:00:00,26.62,53.2,20000,33.59,tomato,0.0
2025-12-03T12:05:00,26.29,55.44,20000,33.5,tomato,0.0
2025-12-03T12:10:00,26.75,52.82,20000,33.42,tomato,0.0
2025-12-03T12:15:00,26.49,53.94,20000,33.39,tomato,0.0
2025-12-03T12:20:00,26.75,56.85,20000,33.46,tomato,0.0
2025-12-03T12:25:00,26.37,54.95,20000,33.39,tomato,0.0
2025-12-03T12:30:00,26.88,55.01,20000,33.29,tomato,0.0
2025-12-03T12:35:00,26.71,53.75,20000,33.26,tomato,0.0
2025-12-03T12:40:00,26.53,53.37,20000,33.26,tomato,0.0
2025-12-03T12:45:00,26.51,55.08,20000,33.19,tomato,0.0
2025-12-03T12:50:00,27.14,55.62,20000,33.09,tomato,0.0
2025-12-03T12:55:00,26.79,54.1,20000,33.1,tomato,0.0
2025-12-03T13:00:00,26.5,55.37,20000,33.11,tomato,0.0
2025-12-03T13:05:00,26.67,55.56,20000,48.45,tomato,185.0
2025-12-03T13:10:00,27.56,54.7,20000,33.04,tomato,0.0
2025-12-03T13:15:00,26.64,54.74,20000,33.06,tomato,0.0
2025-12-03T13:20:00,27.08,54.22,20000,33.02,tomato,0.0
2025-12-03T13:25:00,26.55,55.43,20000,32.98,tomato,0.0
2025-12-03T13:30:00,27.0,53.76,20000,32.92,tomato,0.0
2025-12-03T13:35:00,26.93,55.26,20000,32.87,tomato,0.0
2025-12-03T13:40:00,26.54,55.96,20000,32.83,tomato,0.0
2025-12-03T13:45:00,26.09,54.97,20000,32.89,tomato,0.0
2025-12-03T13:50:00,26.63,54.08,20000,32.9,tomato,0.0
2025-12-03T13:55:00,25.98,55.53,20000,32.93,tomato,0.0
2025-12-03T14:00:00,26.19,54.92,20000,32.83,tomato,0.0
2025-12-03T14:05:00,26.26,55.81,20000,32.83,tomato,0.0
2025-12-03T14:10:00,26.18,54.14,20000,32.73,tomato,0.0
2025-12-03T14:15:00,27.3,53.18,20000,32.75,tomato,0.0
2025-12-03T14:20:00,27.11,54.67,20000,32.67,tomato,0.0
2025-12-03T14:25:00,26.35,56.39,20000,32.6,tomato,0.0
2025-12-03T14:30:00,26.04,54.23,20000,32.51,tomato,0.0
2025-12-03T14:35:00,26.41,55.4,20000,32.48,tomato,0.0
2025-12-03T14:40:00,26.43,54.91,20000,32.46,tomato,0.0
2025-12-03T14:45:00,26.11,54.71,20000,32.39,tomato,0.0
2025-12-03T14:50:00,26.17,55.41,20000,32.37,tomato,0.0
2025-12-03T14:55:00,27.01,57.19,20000,32.41,tomato,0.0
2025-12-03T15:00:00,26.52,53.91,20000,32.4,tomato,0.0
2025-12-03T15:05:00,26.36,55.08,20000,32.36,tomato,0.0
2025-12-03T15:10:00,26.62,56.24,20000,44.73,tomato,149.0
2025-12-03T15:15:00,26.31,54.85,20000,32.26,tomato,0.0
2025-12-03T15:20:00,26.14,55.73,20000,46.21,tomato,167.0
2025-12-03T15:25:00,26.44,56.2,20000,32.33,tomato,0.0
2025-12-03T15:30:00,26.38,56.05,20000,32.27,tomato,0.0
2025-12-03T15:35:00,26.47,55.93,20000,32.26,tomato,0.0
2025-12-03T15:40:00,26.23,56.27,20000,32.19,tomato,0.0
2025-12-03T15:45:00,26.5,54.09,20000,44.34,tomato,146.0
2025-12-03T15:50:00,26.12,55.58,20000,32.22,tomato,0.0
2025-12-03T15:55:00,26.3,55.43,20000,32.1,tomato,0.0
2025-12-03T16:00:00,26.37,55.39,20000,32.0,tomato,0.0
2025-12-03T16:05:00,26.29,56.49,20000,31.96,tomato,0.0
2025-12-03T16:10:00,25.92,54.77,20000,31.93,tomato,0.0
2025-12-03T16:15:00,25.7,56.54,20000,31.92,tomato,0.0
2025-12-03T16:20:00,26.99,54.77,20000,32.01,tomato,0.0
2025-12-03T16:25:00,26.49,55.7,20000,31.99,tomato,0.0
2025-12-03T16:30:00,25.86,55.7,20000,47.13,tomato,182.0
2025-12-03T16:35:00,26.61,55.3,20000,32.02,tomato,0.0
2025-12-03T16:40:00,26.61,55.39,20000,31.95,tomato,0.0
2025-12-03T16:45:00,26.43,53.83,20000,31.94,tomato,0.0
2025-12-03T16:50:00,26.13,55.13,20000,31.94,tomato,0.0
2025-12-03T16:55:00,26.32,56.85,20000,31.91,tomato,0.0
2025-12-03T17:00:00,26.8,55.16,20000,31.82,tomato,0.0
2025-12-03T17:05:00,26.4,55.1,20000,31.76,tomato,0.0
2025-12-03T17:10:00,26.13,57.85,20000,31.79,tomato,0.0
2025-12-03T17:15:00,26.66,55.33,20000,31.68,tomato,0.0
2025-12-03T17:20:00,26.1,55.49,20000,31.68,tomato,0.0
2025-12-03T17:25:00,26.49,54.54,20000,31.6,tomato,0.0
2025-12-03T17:30:00,26.79,54.16,20000,31.58,tomato,0.0
2025-12-03T17:35:00,25.91,56.61,20000,48.56,tomato,204.0
2025-12-03T17:40:00,26.83,57.38,20000,31.56,tomato,0.0
2025-12-03T17:45:00,26.76,56.69,20000,31.53,tomato,0.0
2025-12-03T17:50:00,26.67,56.27,20000,47.52,tomato,193.0
2025-12-03T17:55:00,26.4,54.56,20000,31.4,tomato,0.0
2025-12-03T18:00:00,25.91,55.82,20000,31.44,tomato,0.0
2025-12-03T18:05:00,26.59,56.98,20000,31.36,tomato,0.0
2025-12-03T18:10:00,26.24,55.79,20000,50.64,tomato,231.0
2025-12-03T18:15:00,26.33,56.03,20000,31.28,tomato,0.0
2025-12-03T18:20:00,26.63,54.97,20000,31.27,tomato,0.0
2025-12-03T18:25:00,26.52,54.78,20000,31.22,tomato,0.0
2025-12-03T18:30:00,26.07,54.09,20000,49.45,tomato,219.0
2025-12-03T18:35:00,26.49,55.76,20000,31.23,tomato,0.0
2025-12-03T18:40:00,26.51,54.59,20000,31.23,tomato,0.0
2025-12-03T18:45:00,26.33,54.07,20000,31.23,tomato,0.0
2025-12-03T18:50:00,27.05,56.07,20000,45.27,tomato,169.0
2025-12-03T18:55:00,26.39,53.84,20000,31.09,tomato,0.0
2025-12-03T19:00:00,26.4,56.7,20000,31.0,tomato,0.0
2025-12-03T19:05:00,26.14,57.21,20000,31.01,tomato,0.0
2025-12-03T19:10:00,26.03,55.28,20000,44.56,tomato,163.0
2025-12-03T19:15:00,26.19,55.96,20000,50.63,tomato,236.0
2025-12-03T19:20:00,26.29,53.06,20000,30.89,tomato,0.0
2025-12-03T19:25:00,26.37,57.25,20000,30.8,tomato,0.0
2025-12-03T19:30:00,25.94,53.1,20000,30.76,tomato,0.0
2025-12-03T19:35:00,25.6,55.93,20000,30.91,tomato,0.0
2025-12-03T19:40:00,26.08,54.38,20000,30.83,tomato,0.0
2025-12-03T19:45:00,26.39,55.54,20000,30.87,tomato,0.0
2025-12-03T19:50:00,26.22,57.2,20000,30.78,tomato,0.0
2025-12-03T19:55:00,26.3,55.57,20000,30.77,tomato,0.0
2025-12-03T20:00:00,26.17,56.87,20000,48.42,tomato,212.0
2025-12-03T20:05:00,26.14,58.39,20000,44.97,tomato,171.0
2025-12-03T20:10:00,25.91,53.99,20000,30.71,tomato,0.0
2025-12-03T20:15:00,26.13,56.5,20000,30.67,tomato,0.0
2025-12-03T20:20:00,25.77,55.35,20000,30.62,tomato,0.0
2025-12-03T20:25:00,26.42,56.29,20000,30.6,tomato,0.0
2025-12-03T20:30:00,26.35,56.31,20000,30.56,tomato,0.0
2025-12-03T20:35:00,25.97,57.12,20000,30.6,tomato,0.0
2025-12-03T20:40:00,26.46,55.15,20000,30.68,tomato,0.0
2025-12-03T20:45:00,26.28,57.03,20000,30.69,tomato,0.0
2025-12-03T20:50:00,26.05,55.02,20000,30.59,tomato,0.0
2025-12-03T20:55:00,25.78,56.19,20000,30.58,tomato,0.0
2025-12-03T21:00:00,26.54,57.02,20000,47.7,tomato,207.0
2025-12-03T21:05:00,25.81,55.49,20000,30.47,tomato,0.0
2025-12-03T21:10:00,26.01,56.11,20000,30.47,tomato,0.0
2025-12-03T21:15:00,25.89,55.64,20000,30.55,tomato,0.0
2025-12-03T21:20:00,25.77,56.48,20000,30.46,tomato,0.0
2025-12-03T21:25:00,26.23,56.4,20000,30.4,tomato,0.0
2025-12-03T21:30:00,25.31,57.69,20000,30.36,tomato,0.0
2025-12-03T21:35:00,26.76,55.58,20000,30.33,tomato,0.0
2025-12-03T21:40:00,25.69,56.16,20000,30.25,tomato,0.0
2025-12-03T21:45:00,26.26,55.73,20000,30.19,tomato,0.0
2025-12-03T21:50:00,26.11,56.86,20000,30.26,tomato,0.0
2025-12-03T21:55:00,26.17,55.01,20000,30.24,tomato,0.0
2025-12-03T22:00:00,26.59,56.67,20000,30.16,tomato,0.0
2025-12-03T22:05:00,26.19,55.65,20000,30.14,tomato,0.0
2025-12-03T22:10:00,25.94,57.3,20000,30.12,tomato,0.0
2025-12-03T22:15:00,26.29,56.45,20000,30.11,tomato,0.0
2025-12-03T22:20:00,26.21,56.55,20000,30.05,tomato,0.0
2025-12-03T22:25:00,26.03,56.2,20000,50.13,tomato,241.0
2025-12-03T22:30:00,25.49,56.57,20000,30.02,tomato,0.0
2025-12-03T22:35:00,25.82,54.92,20000,30.01,tomato,0.0
2025-12-03T22:40:00,25.87,55.72,20000,29.99,tomato,0.0
2025-12-03T22:45:00,25.58,55.18,20000,29.98,tomato,0.0
2025-12-03T22:50:00,26.02,54.74,20000,29.94,tomato,0.0
2025-12-03T22:55:00,25.92,55.57,20000,29.9,tomato,0.0
2025-12-03T23:00:00,26.07,56.34,20000,29.86,tomato,0.0
2025-12-03T23:05:00,25.42,55.32,20000,29.92,tomato,0.0
2025-12-03T23:10:00,26.18,56.42,20000,48.07,tomato,218.0
2025-12-03T23:15:00,25.54,55.07,20000,29.92,tomato,0.0
2025-12-03T23:20:00,25.81,54.91,20000,29.92,tomato,0.0
2025-12-03T23:25:00,25.47,55.87,20000,29.9,tomato,0.0
2025-12-03T23:30:00,25.63,54.54,20000,29.88,tomato,0.0
2025-12-03T23:35:00,25.8,56.12,20000,29.88,tomato,0.0
2025-12-03T23:40:00,25.66,54.22,20000,29.83,tomato,0.0
2025-12-03T23:45:00,26.12,57.01,20000,29.78,tomato,0.0
2025-12-03T23:50:00,25.87,54.94,20000,29.79,tomato,0.0
2025-12-03T23:55:00,25.94,57.33,20000,29.71,tomato,0.0
2025-12-04T00:00:00,25.7,56.63,20000,47.12,tomato,209.0
2025-12-04T00:05:00,25.32,55.89,20000,29.62,tomato,0.0
2025-12-04T00:10:00,25.83,57.3,20000,29.48,tomato,0.0
2025-12-04T00:15:00,25.67,56.19,20000,29.48,tomato,0.0
2025-12-04T00:20:00,25.63,56.04,20000,29.45,tomato,0.0
2025-12-04T00:25:00,25.81,56.58,20000,29.36,tomato,0.0
2025-12-04T00:30:00,25.86,57.61,20000,29.36,tomato,0.0
2025-12-04T00:35:00,25.5,57.97,20000,29.39,tomato,0.0
2025-12-04T00:40:00,25.44,57.91,20000,29.32,tomato,0.0
2025-12-04T00:45:00,25.85,56.05,20000,29.27,tomato,0.0
2025-12-04T00:50:00,25.65,58.03,20000,29.26,tomato,0.0
2025-12-04T00:55:00,25.85,56.11,20000,29.25,tomato,0.0
2025-12-04T01:00:00,25.64,56.22,20000,29.23,tomato,0.0
2025-12-04T01:05:00,25.84,55.47,20000,29.2,tomato,0.0
2025-12-04T01:10:00,26.07,57.05,20000,29.16,tomato,0.0
2025-12-04T01:15:00,25.25,57.96,20000,29.19,tomato,0.0
2025-12-04T01:20:00,25.74,56.08,20000,29.18,tomato,0.0
2025-12-04T01:25:00,25.72,57.14,20000,29.07,tomato,0.0
2025-12-04T01:30:00,25.17,56.28,20000,29.03,tomato,0.0
2025-12-04T01:35:00,25.62,55.26,20000,29.07,tomato,0.0
2025-12-04T01:40:00,25.59,55.71,20000,29.12,tomato,0.0
2025-12-04T01:45:00,25.39,57.07,20000,29.14,tomato,0.0
2025-12-04T01:50:00,25.83,57.24,20000,29.08,tomato,0.0
2025-12-04T01:55:00,25.6,56.96,20000,29.08,tomato,0.0
2025-12-04T02:00:00,26.04,55.51,20000,46.65,tomato,211.0
2025-12-04T02:05:00,25.15,55.91,20000,29.07,tomato,0.0
2025-12-04T02:10:00,25.76,57.58,20000,29.1,tomato,0.0
2025-12-04T02:15:00,25.64,58.58,20000,29.1,tomato,0.0
2025-12-04T02:20:00,25.95,55.02,20000,29.13,tomato,0.0
2025-12-04T02:25:00,25.39,56.47,20000,44.73,tomato,188.0
2025-12-04T02:30:00,25.99,56.23,20000,28.92,tomato,0.0
2025-12-04T02:35:00,25.73,56.83,20000,45.38,tomato,197.0
2025-12-04T02:40:00,25.7,56.73,20000,29.0,tomato,0.0
2025-12-04T02:45:00,25.09,56.63,20000,28.97,tomato,0.0
2025-12-04T02:50:00,25.38,57.76,20000,47.95,tomato,228.0
2025-12-04T02:55:00,25.16,54.5,20000,28.94,tomato,0.0
2025-12-04T03:00:00,25.56,57.86,20000,28.96,tomato,0.0
2025-12-04T03:05:00,25.24,57.87,20000,28.91,tomato,0.0
2025-12-04T03:10:00,25.52,57.62,20000,28.87,tomato,0.0
2025-12-04T03:15:00,25.48,56.64,20000,28.82,tomato,0.0
2025-12-04T03:20:00,25.35,57.4,20000,28.73,tomato,0.0
2025-12-04T03:25:00,25.52,56.66,20000,28.76,tomato,0.0
2025-12-04T03:30:00,25.09,59.43,20000,28.78,tomato,0.0
2025-12-04T03:35:00,25.79,54.0,20000,44.86,tomato,193.0
2025-12-04T03:40:00,25.46,57.99,20000,28.83,tomato,0.0
2025-12-04T03:45:00,25.64,58.04,20000,28.86,tomato,0.0
2025-12-04T03:50:00,25.88,57.15,20000,28.79,tomato,0.0
2025-12-04T03:55:00,25.03,58.67,20000,50.72,tomato,264.0
2025-12-04T04:00:00,25.2,56.67,20000,28.66,tomato,0.0
2025-12-04T04:05:00,25.08,56.25,20000,28.56,tomato,0.0
2025-12-04T04:10:00,25.12,56.64,20000,28.49,tomato,0.0
2025-12-04T04:15:00,25.56,57.87,20000,28.51,tomato,0.0
2025-12-04T04:20:00,25.27,56.03,20000,28.46,tomato,0.0
2025-12-04T04:25:00,25.4,57.49,20000,28.4,tomato,0.0
2025-12-04T04:30:00,25.2,56.62,20000,28.39,tomato,0.0
2025-12-04T04:35:00,24.75,55.62,20000,46.55,tomato,219.0
2025-12-04T04:40:00,24.9,57.26,20000,28.25,tomato,0.0
2025-12-04T04:45:00,25.27,57.63,20000,28.18,tomato,0.0
2025-12-04T04:50:00,25.73,55.98,20000,28.12,tomato,0.0
2025-12-04T04:55:00,25.37,58.42,20000,28.1,tomato,0.0
2025-12-04T05:00:00,24.89,56.84,20000,28.02,tomato,0.0
2025-12-04T05:05:00,25.15,56.12,20000,27.99,tomato,0.0
2025-12-04T05:10:00,25.56,57.79,20000,27.97,tomato,0.0
2025-12-04T05:15:00,25.54,58.83,20000,27.91,tomato,0.0
2025-12-04T05:20:00,25.1,58.42,20000,27.85,tomato,0.0
2025-12-04T05:25:00,25.25,58.6,20000,27.94,tomato,0.0
2025-12-04T05:30:00,25.5,58.19,20000,50.85,tomato,276.0
2025-12-04T05:35:00,25.3,56.65,20000,49.98,tomato,266.0
2025-12-04T05:40:00,25.08,55.91,20000,27.71,tomato,0.0
2025-12-04T05:45:00,25.5,57.92,20000,27.65,tomato,0.0
2025-12-04T05:50:00,25.56,55.94,20000,27.64,tomato,0.0
2025-12-04T05:55:00,25.32,57.11,20000,27.54,tomato,0.0
2025-12-04T06:00:00,25.55,56.99,20000,27.56,tomato,0.0
2025-12-04T06:05:00,24.93,57.99,20000,47.88,tomato,244.0
2025-12-04T06:10:00,25.27,57.53,20000,27.49,tomato,0.0
2025-12-04T06:15:00,24.87,58.33,20000,27.58,tomato,0.0
2025-12-04T06:20:00,25.71,60.05,20000,27.59,tomato,0.0
2025-12-04T06:25:00,25.26,58.99,20000,27.56,tomato,0.0
2025-12-04T06:30:00,25.22,58.11,20000,51.43,tomato,286.0
2025-12-04T06:35:00,24.98,59.8,20000,27.55,tomato,0.0
2025-12-04T06:40:00,25.65,57.44,20000,27.53,tomato,0.0
2025-12-04T06:45:00,25.18,56.43,20000,27.51,tomato,0.0
2025-12-04T06:50:00,24.89,59.2,20000,27.46,tomato,0.0
2025-12-04T06:55:00,25.14,57.22,20000,27.44,tomato,0.0
2025-12-04T07:00:00,25.31,57.5,20000,27.44,tomato,0.0
2025-12-04T07:05:00,25.15,57.54,20000,44.31,tomato,203.0
2025-12-04T07:10:00,25.2,59.26,20000,27.39,tomato,0.0
2025-12-04T07:15:00,24.69,58.2,20000,48.07,tomato,248.0
2025-12-04T07:20:00,25.57,58.56,20000,44.87,tomato,211.0
2025-12-04T07:25:00,25.0,59.02,20000,27.22,tomato,0.0
2025-12-04T07:30:00,25.55,58.62,20000,27.17,tomato,0.0
2025-12-04T07:35:00,24.66,58.02,20000,49.62,tomato,269.0
2025-12-04T07:40:00,24.97,58.31,20000,27.17,tomato,0.0
2025-12-04T07:45:00,25.22,58.83,20000,50.87,tomato,284.0
2025-12-04T07:50:00,25.43,58.36,20000,27.16,tomato,0.0
2025-12-04T07:55:00,25.24,57.58,20000,27.16,tomato,0.0
2025-12-04T08:00:00,25.23,57.03,20000,27.17,tomato,0.0
2025-12-04T08:05:00,25.05,58.3,20000,27.17,tomato,0.0
2025-12-04T08:10:00,24.81,56.92,20000,27.11,tomato,0.0
2025-12-04T08:15:00,24.91,57.45,20000,27.05,tomato,0.0
2025-12-04T08:20:00,24.85,58.82,20000,51.54,tomato,295.0
2025-12-04T08:25:00,25.32,57.32,20000,26.91,tomato,0.0
2025-12-04T08:30:00,24.59,59.29,20000,26.86,tomato,0.0
2025-12-04T08:35:00,24.96,59.46,20000,26.84,tomato,0.0
2025-12-04T08:40:00,25.2,56.83,20000,26.83,tomato,0.0
2025-12-04T08:45:00,24.74,58.74,20000,26.77,tomato,0.0
2025-12-04T08:50:00,24.94,59.02,20000,26.68,tomato,0.0
2025-12-04T08:55:00,24.33,57.87,20000,26.72,tomato,0.0
2025-12-04T09:00:00,24.58,58.21,20000,26.67,tomato,0.0
2025-12-04T09:05:00,24.91,57.92,20000,26.65,tomato,0.0
2025-12-04T09:10:00,24.64,58.74,20000,26.67,tomato,0.0
2025-12-04T09:15:00,24.94,58.2,20000,26.63,tomato,0.0
2025-12-04T09:20:00,24.78,58.23,20000,26.53,tomato,0.0
2025-12-04T09:25:00,24.79,58.47,20000,26.58,tomato,0.0
2025-12-04T09:30:00,25.25,59.14,20000,26.63,tomato,0.0
2025-12-04T09:35:00,24.76,57.08,20000,26.61,tomato,0.0
2025-12-04T09:40:00,24.56,58.69,20000,26.65,tomato,0.0
2025-12-04T09:45:00,25.03,60.46,20000,26.57,tomato,0.0
2025-12-04T09:50:00,25.06,58.71,20000,26.68,tomato,0.0
2025-12-04T09:55:00,24.68,57.27,20000,26.66,tomato,0.0
2025-12-04T10:00:00,25.27,57.36,20000,26.63,tomato,0.0
2025-12-04T10:05:00,24.24,56.35,20000,26.64,tomato,0.0
2025-12-04T10:10:00,25.12,59.95,20000,44.83,tomato,218.0
2025-12-04T10:15:00,24.61,57.47,20000,26.64,tomato,0.0
2025-12-04T10:20:00,24.86,60.24,20000,49.85,tomato,279.0
2025-12-04T10:25:00,24.44,60.45,20000,26.42,tomato,0.0
2025-12-04T10:30:00,24.49,59.85,20000,26.44,tomato,0.0
2025-12-04T10:35:00,24.53,57.27,20000,26.33,tomato,0.0
2025-12-04T10:40:00,24.55,57.57,20000,26.36,tomato,0.0
2025-12-04T10:45:00,24.76,57.64,20000,26.34,tomato,0.0
2025-12-04T10:50:00,24.88,58.09,20000,26.3,tomato,0.0
2025-12-04T10:55:00,24.91,58.5,20000,26.32,tomato,0.0
2025-12-04T11:00:00,24.51,57.54,20000,26.28,tomato,0.0
2025-12-04T11:05:00,24.31,61.29,20000,26.3,tomato,0.0
2025-12-04T11:10:00,24.08,59.32,20000,26.23,tomato,0.0
2025-12-04T11:15:00,25.04,59.56,20000,26.23,tomato,0.0
2025-12-04T11:20:00,24.45,58.23,20000,26.23,tomato,0.0
2025-12-04T11:25:00,24.99,58.92,20000,26.26,tomato,0.0
2025-12-04T11:30:00,24.11,58.45,20000,52.26,tomato,312.0
2025-12-04T11:35:00,24.49,59.65,20000,26.29,tomato,0.0
2025-12-04T11:40:00,24.73,58.7,20000,26.25,tomato,0.0
2025-12-04T11:45:00,25.49,59.85,20000,26.26,tomato,0.0
2025-12-04T11:50:00,24.46,57.95,20000,48.02,tomato,261.0
2025-12-04T11:55:00,23.99,58.99,20000,26.28,tomato,0.0
2025-12-04T12:00:00,24.47,59.26,20000,26.3,tomato,0.0
2025-12-04T12:05:00,24.53,58.54,20000,26.26,tomato,0.0
2025-12-04T12:10:00,24.12,61.3,20000,26.32,tomato,0.0
2025-12-04T12:15:00,24.99,59.61,20000,26.26,tomato,0.0
2025-12-04T12:20:00,25.42,58.23,20000,26.26,tomato,0.0
2025-12-04T12:25:00,24.73,58.29,20000,26.2,tomato,0.0
2025-12-04T12:30:00,24.31,58.33,20000,26.24,tomato,0.0
2025-12-04T12:35:00,25.12,59.17,20000,26.24,tomato,0.0
2025-12-04T12:40:00,24.38,59.98,20000,26.27,tomato,0.0
2025-12-04T12:45:00,24.09,58.61,20000,26.23,tomato,0.0
2025-12-04T12:50:00,24.54,57.69,20000,26.23,tomato,0.0
2025-12-04T12:55:00,24.51,58.96,20000,50.87,tomato,296.0
2025-12-04T13:00:00,24.43,58.13,20000,26.22,tomato,0.0
2025-12-04T13:05:00,24.8,58.03,20000,26.21,tomato,0.0
2025-12-04T13:10:00,24.02,58.93,20000,26.19,tomato,0.0
2025-12-04T13:15:00,24.39,61.18,20000,26.18,tomato,0.0
2025-12-04T13:20:00,24.66,59.33,20000,26.16,tomato,0.0
2025-12-04T13:25:00,24.93,60.17,20000,26.21,tomato,0.0
2025-12-04T13:30:00,24.52,60.1,20000,26.12,tomato,0.0
2025-12-04T13:35:00,23.98,58.13,20000,26.1,tomato,0.0
2025-12-04T13:40:00,24.72,57.57,20000,26.15,tomato,0.0
2025-12-04T13:45:00,24.17,60.39,20000,26.18,tomato,0.0
2025-12-04T13:50:00,24.68,59.33,20000,26.21,tomato,0.0
2025-12-04T13:55:00,23.99,60.04,20000,26.18,tomato,0.0
2025-12-04T14:00:00,24.72,58.85,20000,26.17,tomato,0.0
2025-12-04T14:05:00,24.11,58.75,20000,26.08,tomato,0.0
2025-12-04T14:10:00,25.0,60.32,20000,26.03,tomato,0.0
2025-12-04T14:15:00,24.58,58.89,20000,25.92,tomato,0.0
2025-12-04T14:20:00,23.77,59.65,20000,25.84,tomato,0.0
2025-12-04T14:25:00,23.97,59.18,20000,25.83,tomato,0.0
2025-12-04T14:30:00,24.28,60.41,20000,25.77,tomato,0.0
2025-12-04T14:35:00,23.59,60.04,20000,25.88,tomato,0.0
2025-12-04T14:40:00,24.32,57.83,20000,25.88,tomato,0.0
2025-12-04T14:45:00,24.84,59.5,20000,25.87,tomato,0.0
2025-12-04T14:50:00,24.36,59.34,20000,25.85,tomato,0.0
2025-12-04T14:55:00,23.5,59.23,20000,25.88,tomato,0.0
2025-12-04T15:00:00,24.21,59.84,20000,25.88,tomato,0.0
2025-12-04T15:05:00,24.14,60.06,20000,25.81,tomato,0.0
2025-12-04T15:10:00,23.84,58.95,20000,25.67,tomato,0.0
2025-12-04T15:15:00,24.19,59.62,20000,25.61,tomato,0.0
2025-12-04T15:20:00,23.81,58.86,20000,25.61,tomato,0.0
2025-12-04T15:25:00,24.08,59.75,20000,25.54,tomato,0.0
2025-12-04T15:30:00,23.83,59.81,20000,25.55,tomato,0.0
2025-12-04T15:35:00,24.4,59.09,20000,25.53,tomato,0.0
2025-12-04T15:40:00,24.33,60.64,20000,44.52,tomato,228.0
2025-12-04T15:45:00,24.15,59.93,20000,25.49,tomato,0.0
2025-12-04T15:50:00,23.87,61.3,20000,25.43,tomato,0.0
2025-12-04T15:55:00,24.54,58.6,20000,25.41,tomato,0.0
2025-12-04T16:00:00,24.45,59.8,20000,25.41,tomato,0.0
2025-12-04T16:05:00,24.28,60.9,20000,25.33,tomato,0.0
2025-12-04T16:10:00,24.0,58.96,20000,25.23,tomato,0.0
2025-12-04T16:15:00,23.96,61.25,20000,25.26,tomato,0.0
2025-12-04T16:20:00,23.92,59.3,20000,51.15,tomato,310.0
2025-12-04T16:25:00,23.97,59.0,20000,25.34,tomato,0.0
2025-12-04T16:30:00,24.04,58.88,20000,25.36,tomato,0.0
2025-12-04T16:35:00,24.06,58.61,20000,50.95,tomato,307.0
2025-12-04T16:40:00,24.77,60.16,20000,25.34,tomato,0.0
2025-12-04T16:45:00,23.8,59.95,20000,25.35,tomato,0.0
2025-12-04T16:50:00,24.1,58.62,20000,25.31,tomato,0.0
2025-12-04T16:55:00,24.42,60.19,20000,25.33,tomato,0.0
2025-12-04T17:00:00,24.03,59.67,20000,25.15,tomato,0.0
2025-12-04T17:05:00,24.3,61.22,20000,48.11,tomato,276.0
2025-12-04T17:10:00,23.93,60.29,20000,25.15,tomato,0.0
2025-12-04T17:15:00,23.68,60.08,20000,25.12,tomato,0.0
